{
  "validation_timestamp": "2026-01-25T11:45:42.281477+00:00",
  "validation_type": "enterprise_scale",
  "enterprise_targets": {
    "critical_events_under_1ms": 80,
    "high_events_under_5ms": 85,
    "normal_events_under_10ms": 90,
    "overall_avg_latency_ms": 8,
    "throughput_events_per_second": 100
  },
  "scenarios_tested": 4,
  "scenario_results": {
    "AI_CONCIERGE_BURST": {
      "avg_latency_ms": 0.02936840057373047,
      "p95_latency_ms": 0.04329681396484375,
      "events_per_second": 713.9410981708501,
      "duration_seconds": 0.07003378868103027,
      "target_met": true
    },
    "REAL_TIME_ANALYTICS": {
      "avg_latency_ms": 0.04097700119018555,
      "p95_latency_ms": 0.07472038269042969,
      "events_per_second": 96.87999277494866,
      "duration_seconds": 1.0322048664093018,
      "target_met": true
    },
    "BOT_COORDINATION": {
      "avg_latency_ms": 0.09869694709777832,
      "p95_latency_ms": 0.17088651657104492,
      "events_per_second": 156.92599982565042,
      "duration_seconds": 1.2744860649108887,
      "target_met": true
    },
    "ML_SCORING_STREAM": {
      "avg_latency_ms": 0.08353312810262044,
      "p95_latency_ms": 0.1913905143737793,
      "events_per_second": 290.84447189389084,
      "duration_seconds": 1.0314791202545166,
      "target_met": true
    }
  },
  "overall_metrics": {
    "total_events": 650,
    "duration_seconds": 5.45261812210083,
    "overall_avg_latency_ms": 0.0774853046123798,
    "overall_p95_latency_ms": 0.13006925582885742,
    "overall_throughput_eps": 119.20878841035774,
    "critical_under_1ms_percent": 100.0,
    "high_under_5ms_percent": 100.0,
    "normal_under_10ms_percent": 100.0
  },
  "improvement_factor": 6452.836476558358,
  "enterprise_status": "VALIDATED",
  "recommendations": [
    "Deploy to production with current optimization settings",
    "Monitor performance under real user load",
    "Consider fine-tuning priority lane thresholds based on usage patterns"
  ]
}